{
  "Tiempo Cell": 3.384615421295166,
  "Distancia Dragueo": 400,
  "Tiempo Texto": 4.846153736114502,
  "Atraccion Touch": 0.09692308306694031,
  "Tiempo Trend": 5.769230842590332,
  "Tiempo Animacion Texto": 0.8538461327552795
}