{
  "Tiempo Cell": 4.92307710647583,
  "Distancia Dragueo": 400,
  "Tiempo Texto": 4.153846263885498,
  "Atraccion Touch": 0.04000000283122063,
  "Tiempo Trend": 4
}